"","Station_ID","UTM_X","UTM_Y","days","Subpop","counts"
"1","104_CC_D1",1355931.47917343,701148.455473714,453,"Cariboo",0
"2","109.1",1345643.95067469,754160.79630394,88,"Cariboo",0
"3","119",1314535.73421161,700254.27811072,566,"Cariboo",0
"4","1291.0999999999999",1320873.59094682,737192.782597756,379,"Cariboo",0
"5","1602.1",1348034.9595246,733182.25682517,83,"Cariboo",0
"6","1602.1_R",1348052.63389644,733096.630920788,259,"Cariboo",0
"7","1815.3",1348900.44927668,715117.94413568,216,"Cariboo",0
"8","1832.1",1364582.84882518,730179.262892257,103,"Cariboo",0
"9","1930.1",1321135.23145214,727578.866988155,128,"Cariboo",0
"10","2042.5",1362408.13033925,727019.264659105,103,"Cariboo",0
"11","209D1",1349263.43986601,699339.173187708,568,"Cariboo",0
"12","2453.1",1346682.57741811,720699.545212938,94,"Cariboo",0
"13","2590.1_R",1341499.94240451,719159.922643925,425,"Cariboo",0
"14","2601.1",1353665.61806115,718792.846786603,291,"Cariboo",0
"15","2732.1",1341791.78670655,717429.766063887,240,"Cariboo",0
"16","2817.1",1356105.94445894,715648.366872246,350,"Cariboo",0
"17","283",1321663.45144272,697578.657092041,792,"Cariboo",0
"18","2858.1",1326268.40504242,714971.503062987,177,"Cariboo",0
"19","2861.1",1329231.38664026,714725.057748789,307,"Cariboo",0
"20","29",1337456.18451703,702008.288245615,146,"Cariboo",0
"21","2929",1324616.57199918,650024.536323092,56,"Cariboo",0
"22","3011.1",1336877.33134146,713427.195202807,292,"Cariboo",0
"23","3011.1_R",1336728.84643491,713529.358319116,231,"Cariboo",0
"24","3087.1",1342345.50028682,712351.985035227,205,"Cariboo",0
"25","328D1",1356703.15702175,697009.548440131,344,"Cariboo",0
"26","3315.1",1357251.61225184,709431.842008201,174,"Cariboo",0
"27","3438.1",1338460.01490401,707249.369533373,219,"Cariboo",0
"28","3591D1",1315081.70066062,638382.566938267,160,"Cariboo",0
"29","365",1318007.92794631,750428.066022184,286,"Cariboo",0
"30","3743.1",1358788.74512344,703016.066042137,258,"Cariboo",0
"31","3766",1322163.17959316,634962.002321481,453,"Cariboo",0
"32","3802.1",1346597.48060193,702264.286005979,1063,"Cariboo",0
"33","3816",1316480.61207006,634296.631071683,169,"Cariboo",0
"34","3988.4",1319590.04966675,698529.961532499,797,"Cariboo",0
"35","4210.5",1328725.82455415,696089.627130745,1041,"Cariboo",0
"36","4210_R",1328504.73632776,695636.17743278,1041,"Cariboo",0
"37","4492",1326876.00383125,692335.391983407,933,"Cariboo",0
"38","4543.3999999999996",1378159.18814997,691718.61119756,308,"Cariboo",0
"39","4912.1000000000004",1321480.69734845,686466.491433158,726,"Cariboo",1
"40","5399.2",1311408.53867912,679365.489922761,464,"Cariboo",0
"41","5717_R",1345230.59838925,675493.955131215,172,"Cariboo",0
"42","573.1",1313353.5895714,747231.413976483,211,"Cariboo",0
"43","573_R",1313404.12650243,747357.829604175,641,"Cariboo",0
"44","5983.5",1327126.2995688,671336.982109451,684,"Cariboo",1
"45","643",1334890.21823655,690834.252217236,298,"Cariboo",0
"46","6601_R",1377145.49042095,662585.700061621,301,"Cariboo",0
"47","67D1",1319113.32504306,700842.547767154,576,"Cariboo",0
"48","7395.1",1319057.58743445,650907.859326592,794,"Cariboo",0
"49","749.1",1347319.80692822,744814.555578619,83,"Cariboo",0
"50","77",1337830.04109257,691522.143582043,511,"Cariboo",0
"51","778",1358308.99277177,689093.135228563,160,"Cariboo",0
"52","80",1331922.28757978,700145.82025777,291,"Cariboo",0
"53","80_R",1331800.90924529,699890.580636726,291,"Cariboo",0
"54","856.1",1312438.50378089,742720.647403408,211,"Cariboo",0
"55","856_R",1312658.94893917,742744.908770566,290,"Cariboo",0
"56","931.4",1315745.42209638,741548.308703981,119,"Cariboo",0
"57","PB-01",1325671.68188193,773312.717169231,35,"Cariboo",0
"58","PB-02",1319777.51509459,772961.032267626,35,"Cariboo",0
"59","PB-03",1324393.71170189,773191.567698153,35,"Cariboo",0
"60","PB-04",1297461.15910922,764860.988256994,35,"Cariboo",0
"61","PB-05",1323877.7716807,773128.262278348,35,"Cariboo",0
"62","PB-06",1323362.88370848,773179.33852944,35,"Cariboo",0
"63","PB-07",1322762.03681279,772975.986533854,35,"Cariboo",0
"64","PB-08",1321927.10982851,772986.227881563,35,"Cariboo",0
"65","RC-01",1295978.58180049,771308.784985812,75,"Cariboo",1
"66","RC-02",1295756.49427713,771150.823248377,75,"Cariboo",0
"67","RC-03",1295775.14367265,766625.135290238,75,"Cariboo",0
"68","RC-04",1297461.15910922,764860.988256994,75,"Cariboo",0
"69","RC-05",1292414.92072029,764182.309452262,75,"Cariboo",1
"70","RC-07",1292132.81987554,766886.279014371,75,"Cariboo",5
"71","RC-08",1291499.13294186,767793.914053091,75,"Cariboo",1
"72","BP-01",1371969.56152802,710284.982090515,367,"Cariboo",2
"73","BP-03",1369190.00213044,728378.429449599,366,"Cariboo",0
"74","BP-04",1352022.77001648,721565.521305979,366,"Cariboo",0
"75","BP-05",1370573.06712868,683013.060296948,365,"Cariboo",0
"76","BP-06",1376082.70514056,679175.801302094,366,"Cariboo",0
"77","BP-11",1341607.14533988,723181.579310376,366,"Cariboo",0
"78","BP-12",1372763.51166868,666864.01028186,366,"Cariboo",0
"79","BP-13",1350993.43994585,679551.982647619,366,"Cariboo",0
"80","BP-14",1351030.02092225,707715.643912436,364,"Cariboo",0
"81","BP-16",1349706.10694932,713580.445460765,366,"Cariboo",0
"82","BP-17",1376019.86896167,660500.111441769,362,"Cariboo",0
"83","BP-18",1400218.91632685,679750.80651808,366,"Cariboo",0
"84","BP-19",1330730.17232121,699139.844220977,363,"Cariboo",0
"85","BP-20",1372119.3954089,660357.211801897,361,"Cariboo",0
"86","BP-21",1399837.78610754,682677.689821749,366,"Cariboo",0
"87","BP-22",1339282.59469684,693206.773966195,362,"Cariboo",0
"88","BP-23",1341416.31078297,716295.591533834,363,"Cariboo",0
"89","BP-24",1349563.76077284,683584.01897496,366,"Cariboo",4
"90","BP-25",1357990.80520856,703529.107371449,366,"Cariboo",0
"91","BP-26",1322762.06305628,699699.726424909,363,"Cariboo",0
"92","BP-27",1348336.50419304,730838.167501759,365,"Cariboo",0
"93","BP-28",1324708.63084917,709161.901993081,363,"Cariboo",0
"94","BP-30",1354088.65899431,731766.724112059,366,"Cariboo",3
"95","BP-31",1376043.00994961,723642.003511199,366,"Cariboo",0
"96","BP-32",1368919.83750279,687295.349321437,365,"Cariboo",0
"97","BP-33",1387915.89263204,706640.389576445,366,"Cariboo",0
"98","BP-34",1362710.15173848,706914.983782315,367,"Cariboo",0
"99","BP-37",1347299.79451363,699388.049005719,363,"Cariboo",0
"100","BP-38",1392891.68087635,670133.803584967,367,"Cariboo",0
"101","BP-39",1351215.33424414,671440.098870716,367,"Cariboo",0
"102","BP-40",1364686.51663721,694351.078504235,367,"Cariboo",0
"103","BP-42",1335032.44276493,720784.540661698,363,"Cariboo",0
"104","BP-43",1362812.38779493,673548.175199794,365,"Cariboo",0
"105","BP-44",1367721.87672355,707212.895598999,366,"Cariboo",0
"106","BP-45",1332640.94193179,708945.634103752,363,"Cariboo",0
"107","BP-46",1390881.54905849,662926.001018304,366,"Cariboo",0
"108","BP-48",1394948.50137057,692386.591797446,366,"Cariboo",0
"109","BP-49",1382112.09860744,734603.476139558,366,"Cariboo",0
"110","RC-06",1191471.17962072,759938.392698015,75,"Chilcotin",0
"111","PGS-01",1182245.99113639,975826.31098113,357,"Chilcotin",0
"112","PGS-02",1153359.6742359,913381.381679922,352,"Chilcotin",1
"113","PGS-03",1140042.74543598,922327.732542613,352,"Chilcotin",0
"114","PGS-04",1114877.15150025,911125.290434405,353,"Chilcotin",5
"115","PGS-05",1157512.19991301,937680.219763302,350,"Chilcotin",0
"116","PGS-06",1125279.49293959,948089.018675946,352,"Chilcotin",1
"117","PGS-07",1134002.11714002,923784.896131886,352,"Chilcotin",0
"118","PGS-09",1137465.68145678,953530.589584606,352,"Chilcotin",0
"119","PGS-11",1136132.59421561,963987.911546015,350,"Chilcotin",0
"120","PGS-12",1121907.82994898,933926.71042335,352,"Chilcotin",2
"121","PGS-14",1107684.57247091,944368.591268019,354,"Chilcotin",0
"122","PGS-15",1138701.30032111,959136.799242516,350,"Chilcotin",0
"123","PGS-16",1105404.68547385,916132.56232935,353,"Chilcotin",0
"124","PGS-17",1192858.74260328,927089.183554625,354,"Chilcotin",2
"125","PGS-18",1139784.63712162,925235.700546599,352,"Chilcotin",0
"126","PGS-19",1195166.23209316,941009.892526549,355,"Chilcotin",1
"127","PGS-20",1184268.73301139,955480.610619333,348,"Chilcotin",1
"128","PGS-25",1160634.97151383,940399.786874082,350,"Chilcotin",0
"129","PGS-26",1179356.0048884,943905.947346159,351,"Chilcotin",0
"130","PGS-28",1146094.01101543,947990.154542643,352,"Chilcotin",2
"131","PGS-29",1182244.47019495,958638.709371874,348,"Chilcotin",0
"132","PGS-30",1213291.79353504,967070.526281679,351,"Chilcotin",1
"133","PGS-31",1178661.9505903,931604.34983277,352,"Chilcotin",0
"134","PGS-32",1162215.89787516,960268.496302532,347,"Chilcotin",0
"135","PGS-33",1186338.09152265,977987.589496905,357,"Chilcotin",0
"136","PGS-34",1182219.77003085,934282.470686889,352,"Chilcotin",0
"137","PGS-35",1198111.8313739,956142.978323096,348,"Chilcotin",6
"138","PGS-38",1111893.4224774,942444.720381759,354,"Chilcotin",0
"139","PGS-39",1204397.46787264,968970.941876328,357,"Chilcotin",0
"140","PGS-40",1198089.36872206,937000.274223288,355,"Chilcotin",0
"141","PGS-41",1155495.39724954,939877.083102686,350,"Chilcotin",0
"142","PGS-42",1170324.39644438,953004.26175461,347,"Chilcotin",0
"143","PGS-43",1098666.55513963,928066.243754937,353,"Chilcotin",0
"144","PGS-44",1198783.33852963,946914.750093902,355,"Chilcotin",0
"145","PGS-45",1123329.39653224,980960.125385607,352,"Chilcotin",0
"146","PGS-46",1135625.25747213,944352.957717591,352,"Chilcotin",2
"147","PGS-47",1195297.03558761,954014.135448975,352,"Chilcotin",2
"148","PGS-48",1123979.58312447,974755.768873584,352,"Chilcotin",0
"149","ITCHA1-01",1041464.45523891,856459.475065758,454,"Chilcotin",0
"150","ITCHA1-02",1043689.31666848,856479.32251729,659,"Chilcotin",0
"151","ITCHA1-03",1046117.3972847,856401.778585573,667,"Chilcotin",1
"152","ITCHA1-04",1047797.33402423,856976.019854682,428,"Chilcotin",2
"153","ITCHA1-05",1050704.96511782,856169.452913611,476,"Chilcotin",0
"154","ITCHA1-06",1052523.08498246,856401.045971784,277,"Chilcotin",0
"155","ITCHA1-07",1041234.03879644,859714.511187395,690,"Chilcotin",0
"156","ITCHA1-08",1043796.81270557,859458.49632998,319,"Chilcotin",1
"157","ITCHA1-09",1046153.62785601,859625.726651521,622,"Chilcotin",1
"158","ITCHA1-10",1048176.57712555,859478.413881699,706,"Chilcotin",1
"159","ITCHA1-11",1050334.06564595,859366.839224507,287,"Chilcotin",0
"160","ITCHA1-12",1052556.83346698,859457.740229328,701,"Chilcotin",1
"161","ITCHA1-13",1041413.29331279,862348.507368165,704,"Chilcotin",1
"162","ITCHA1-14",1044035.10181963,862840.498061109,506,"Chilcotin",2
"163","ITCHA1-15",1046057.4778663,862603.054635786,496,"Chilcotin",0
"164","ITCHA1-16",1049027.47929786,861918.77879501,697,"Chilcotin",0
"165","ITCHA1-17",1050095.58916768,862822.258800674,703,"Chilcotin",1
"166","ITCHA1-18",1052049.74697968,862698.185744266,705,"Chilcotin",1
"167","ITCHA1-19",1041448.89237836,865996.379869932,681,"Chilcotin",0
"168","ITCHA1-20",1043673.19394125,865592.373055138,610,"Chilcotin",0
"169","ITCHA1-21",1046029.45724102,865503.009894219,403,"Chilcotin",0
"170","ITCHA1-22",1048253.15272028,865223.834266368,453,"Chilcotin",0
"171","ITCHA1-23",1050537.08239855,865637.936734309,336,"Chilcotin",0
"172","ITCHA1-24",1052691.85450613,865527.424367748,698,"Chilcotin",1
"173","ITCHA1-25",1041494.30397526,868506.61164834,696,"Chilcotin",0
"174","ITCHA1-26",1043646.09531353,868548.162721245,658,"Chilcotin",0
"175","ITCHA1-27",1045934.18466941,868402.364767492,704,"Chilcotin",0
"176","ITCHA1-28",1048018.30100689,868489.859453259,504,"Chilcotin",1
"177","ITCHA1-29",1050373.11565261,868413.797233865,702,"Chilcotin",0
"178","ITCHA1-30",1052526.75230571,868292.054485273,704,"Chilcotin",0
"179","ITCHA2-02",1060235.32430944,849052.216952301,678,"Chilcotin",0
"180","ITCHA2-03",1062126.15935585,849065.263257372,704,"Chilcotin",0
"181","ITCHA2-04",1064154.13769151,848924.737673211,688,"Chilcotin",0
"182","ITCHA2-05",1066110.09062764,849118.701203603,678,"Chilcotin",0
"183","ITCHA2-06",1067934.18140089,849077.350974939,702,"Chilcotin",0
"184","ITCHA2-07",1058437.24362931,852498.832170233,692,"Chilcotin",0
"185","ITCHA2-08",1060193.02435821,852409.091562789,703,"Chilcotin",0
"186","ITCHA2-09",1062013.60659575,852532.768855832,605,"Chilcotin",0
"187","ITCHA2-10",1064173.57014558,852505.526826737,698,"Chilcotin",0
"188","ITCHA2-11",1066062.89406949,852531.282775145,691,"Chilcotin",0
"189","ITCHA2-12",1067954.27010445,852412.806393665,630,"Chilcotin",0
"190","ITCHA2-13",1058259.41251558,856010.284760281,393,"Chilcotin",0
"191","ITCHA2-14",1060353.01341858,855768.588366627,699,"Chilcotin",0
"192","ITCHA2-15",1062307.60314639,855860.628742166,702,"Chilcotin",0
"193","ITCHA2-16",1064129.22070703,855806.671630795,702,"Chilcotin",0
"194","ITCHA2-17",1066083.89598275,855889.105647326,702,"Chilcotin",0
"195","ITCHA2-18",1067971.40503252,855949.074439712,632,"Chilcotin",0
"196","ITCHA2-19",1058419.0732269,859492.473061408,373,"Chilcotin",0
"197","ITCHA2-20",1060240.9332936,859303.194219871,489,"Chilcotin",0
"198","ITCHA2-21",1062259.27100189,859563.362812404,664,"Chilcotin",0
"199","ITCHA2-22",1064079.77603465,859487.079515108,524,"Chilcotin",0
"200","ITCHA2-23",1066102.79282004,859391.982534681,320,"Chilcotin",0
"201","ITCHA2-24",1067989.71076426,859396.195524807,700,"Chilcotin",0
"202","ITCHA2-25",1058378.77577479,862782.654650128,732,"Chilcotin",0
"203","ITCHA2-26",1060264.31731023,862783.811382029,570,"Chilcotin",0
"204","ITCHA2-27",1062216.761126,862820.05186316,360,"Chilcotin",0
"205","ITCHA2-27B",1062216.761126,862820.05186316,347,"Chilcotin",0
"206","ITCHA2-28",1064168.28445045,862924.010669589,691,"Chilcotin",0
"207","ITCHA2-29",1066189.38359818,862862.4075161,706,"Chilcotin",0
"208","ITCHA2-30",1068006.64505422,862932.610689986,791,"Chilcotin",0
"209","ITCHA3-01",1072461.50105177,848931.901505693,596,"Chilcotin",0
"210","ITCHA3-02",1074826.49117782,848867.945162799,704,"Chilcotin",0
"211","ITCHA3-03",1077122.23481541,848915.585984629,448,"Chilcotin",0
"212","ITCHA3-04",1079419.06156278,848897.419652032,372,"Chilcotin",0
"213","ITCHA3-05",1081644.77742439,849091.082043376,317,"Chilcotin",0
"214","ITCHA3-06",1084011.25240315,848953.609170829,707,"Chilcotin",0
"215","ITCHA3-07",1072623.22687881,851622.599299171,538,"Chilcotin",0
"216","ITCHA3-08",1074847.02002995,851868.859744374,675,"Chilcotin",0
"217","ITCHA3-09",1077214.57395662,851560.740009659,553,"Chilcotin",0
"218","ITCHA3-10",1079506.79130403,851743.349091764,263,"Chilcotin",0
"219","ITCHA3-11",1081869.01065826,851772.09003455,687,"Chilcotin",0
"220","ITCHA3-12",1084163.14567678,851834.264438198,631,"Chilcotin",0
"221","ITCHA3-13",1072443.24127397,854587.023921946,696,"Chilcotin",0
"222","ITCHA3-14",1074804.03917773,854612.271776283,552,"Chilcotin",0
"223","ITCHA3-15",1077097.56399013,854626.445275444,430,"Chilcotin",0
"224","ITCHA3-16",1079457.61034392,854698.602427039,675,"Chilcotin",0
"225","ITCHA3-17",1081752.8334118,854614.644160869,572,"Chilcotin",0
"226","ITCHA3-18",1084180.69083913,854667.987377085,705,"Chilcotin",0
"227","ITCHA3-19",1072468.00776339,857398.440601029,705,"Chilcotin",7
"228","ITCHA3-20",1074828.64000532,857345.633659217,649,"Chilcotin",0
"229","ITCHA3-21",1077186.45586319,857472.430879618,263,"Chilcotin",0
"230","ITCHA3-22",1079411.39799658,857475.473665613,405,"Chilcotin",0
"231","ITCHA3-23",1081768.10786527,857660.295728749,688,"Chilcotin",0
"232","ITCHA3-24",1084196.18731915,857613.27850298,661,"Chilcotin",0
"233","ITCHA3-25",1072424.14131775,860286.949368251,705,"Chilcotin",0
"234","ITCHA3-26",1074984.5692255,860293.054994722,663,"Chilcotin",0
"235","ITCHA3-27",1077139.01164807,860405.504731358,581,"Chilcotin",0
"236","ITCHA3-28",1079364.0712999,860319.305463209,668,"Chilcotin",0
"237","ITCHA3-29",1081790.18098195,860304.519981534,390,"Chilcotin",0
"238","ITCHA3-30",1083953.53634726,859907.043976408,684,"Chilcotin",0
"239","ITCHA4-01",1123850.64372057,818237.970501979,734,"Chilcotin",0
"240","ITCHA4-02",1116540.81636293,802730.426650957,723,"Chilcotin",0
"241","ITCHA4-03",1118660.93541213,802514.41268773,734,"Chilcotin",0
"242","ITCHA4-04",1121720.95844311,802914.053315852,736,"Chilcotin",0
"243","ITCHA4-05",1124248.06536081,802799.995924163,733,"Chilcotin",0
"244","ITCHA4-06",1113589.18475494,817951.29670689,474,"Chilcotin",0
"245","ITCHA4-07",1116614.93003129,805308.56048395,733,"Chilcotin",0
"246","ITCHA4-08",1119071.07975961,805245.875855336,737,"Chilcotin",0
"247","ITCHA4-09",1121656.58455228,805466.534666568,733,"Chilcotin",0
"248","ITCHA4-10",1124174.32325173,805664.53245164,737,"Chilcotin",1
"249","ITCHA4-11",1115828.23180767,818160.836350461,734,"Chilcotin",0
"250","ITCHA4-12",1116487.8095999,807748.039764951,739,"Chilcotin",0
"251","ITCHA4-13",1118937.21760309,807908.221041168,738,"Chilcotin",0
"252","ITCHA4-14",1121659.47010202,808054.220163171,712,"Chilcotin",0
"253","ITCHA4-15",1123900.29838226,808367.823136679,737,"Chilcotin",0
"254","ITCHA4-16",1118478.70035026,818225.377495813,735,"Chilcotin",0
"255","ITCHA4-17",1116286.76533453,810431.154727372,738,"Chilcotin",0
"256","ITCHA4-18",1118802.60497625,810604.059988433,648,"Chilcotin",0
"257","ITCHA4-19",1121593.08884675,810684.820926687,735,"Chilcotin",0
"258","ITCHA4-20",1123974.55122534,810778.966101426,735,"Chilcotin",0
"259","ITCHA4-21",1113639.05479086,812955.590947705,736,"Chilcotin",0
"260","ITCHA4-22",1115816.69009778,812985.156754716,129,"Chilcotin",0
"261","ITCHA4-22B",1115739.81509106,813351.380514739,475,"Chilcotin",0
"262","ITCHA4-23",1119216.99613855,813123.89417031,735,"Chilcotin",0
"263","ITCHA4-24",1121323.17898439,813288.030780885,713,"Chilcotin",0
"264","ITCHA4-25",1123908.58889417,813342.702313387,263,"Chilcotin",0
"265","ITCHA4-25B",1123976.6181284,813344.453117357,473,"Chilcotin",0
"266","ITCHA4-26",1113505.0413802,815752.0004801,733,"Chilcotin",0
"267","ITCHA4-27",1116098.79042159,815401.167349105,682,"Chilcotin",0
"268","ITCHA4-28",1118541.01650774,815694.922606035,737,"Chilcotin",1
"269","ITCHA4-29",1121259.15331162,815829.553829923,734,"Chilcotin",0
"270","ITCHA4-30",1123908.32273771,815997.410074167,735,"Chilcotin",0
"271","ITCHA5-01",1113207.44594459,842717.266647491,285,"Chilcotin",0
"272","ITCHA5-01B",1113206.65484353,842750.715301322,436,"Chilcotin",2
"273","ITCHA5-02",1115708.08149373,842821.686987615,661,"Chilcotin",0
"274","ITCHA5-03",1118480.73987785,842867.205062658,751,"Chilcotin",1
"275","ITCHA5-04",1121116.46849702,842977.800163587,959,"Chilcotin",0
"276","ITCHA5-05",1123621.21240435,842919.118087367,997,"Chilcotin",0
"277","ITCHA5-06",1113145.21215036,845348.582359354,1001,"Chilcotin",0
"278","ITCHA5-07",1115577.704862,845417.888640763,761,"Chilcotin",2
"279","ITCHA5-08",1118346.92851351,845541.376504509,975,"Chilcotin",5
"280","ITCHA5-09",1120778.46587677,845646.775632511,1002,"Chilcotin",0
"281","ITCHA5-10",1123487.11935175,845492.80076987,954,"Chilcotin",1
"282","ITCHA5-11",1113086.93296052,847812.692893005,1001,"Chilcotin",0
"283","ITCHA5-12",1115656.76126071,847740.288023142,284,"Chilcotin",1
"284","ITCHA5-12B",1115658.91880902,847651.09000945,556,"Chilcotin",0
"285","ITCHA5-13",1118220.91062367,847903.406230211,310,"Chilcotin",0
"286","ITCHA5-13B",1118483.06165126,848233.432502278,369,"Chilcotin",3
"287","ITCHA5-14",1120849.07504342,848203.399884863,280,"Chilcotin",4
"288","ITCHA5-14B",1121050.55617933,848253.12336382,713,"Chilcotin",0
"289","ITCHA5-15",1123286.13418846,848042.487355548,998,"Chilcotin",1
"290","ITCHA5-16",1113026.27945977,850377.191996631,802,"Chilcotin",0
"291","ITCHA5-17",1115390.59440843,850366.757389792,995,"Chilcotin",0
"292","ITCHA5-18",1117822.17877308,850370.306233571,996,"Chilcotin",0
"293","ITCHA5-19",1120647.84679403,850820.138120707,993,"Chilcotin",0
"294","ITCHA5-20",1123481.37817513,850948.305626292,800,"Chilcotin",0
"295","ITCHA5-21",1112695.74532349,852935.356368154,720,"Chilcotin",0
"296","ITCHA5-22",1115392.64002659,853077.84698605,962,"Chilcotin",0
"297","ITCHA5-23",1118089.40968444,853221.86038578,987,"Chilcotin",0
"298","ITCHA5-24",1120653.0973785,853285.93710532,997,"Chilcotin",0
"299","ITCHA5-25",1123079.52334065,853437.108292675,977,"Chilcotin",0
"300","ITCHA5-26",1112838.85374541,855448.965103027,900,"Chilcotin",0
"301","ITCHA5-27",1115199.31491806,855494.186612786,791,"Chilcotin",0
"302","ITCHA5-28",1118038.40711608,855284.61996206,998,"Chilcotin",0
"303","ITCHA5-29",1120457.67491136,855679.763454523,626,"Chilcotin",0
"304","ITCHA5-30",1123012.57186595,856035.007427571,766,"Chilcotin",0
"305","ITCHA6-01",1096283.01029699,823094.736147638,650,"Chilcotin",3
"306","ITCHA6-02",1086034.77628506,822699.606198258,1016,"Chilcotin",1
"307","ITCHA6-03",1088681.10319657,822836.927936946,904,"Chilcotin",0
"308","ITCHA6-04",1091194.90316092,822794.740470086,862,"Chilcotin",0
"309","ITCHA6-05",1093772.53479421,822967.025435704,758,"Chilcotin",0
"310","ITCHA6-06",1096299.27083978,825671.543249166,1012,"Chilcotin",0
"311","ITCHA6-07",1085853.95024547,825216.978463247,1011,"Chilcotin",0
"312","ITCHA6-08",1088499.30362876,825331.902658767,914,"Chilcotin",0
"313","ITCHA6-09",1090873.12332118,825443.141195864,783,"Chilcotin",2
"314","ITCHA6-10",1093721.4162412,825587.095281837,884,"Chilcotin",0
"315","ITCHA6-11",1096042.8445341,828309.856291049,1011,"Chilcotin",0
"316","ITCHA6-12",1085807.72205601,827803.721104996,950,"Chilcotin",0
"317","ITCHA6-13",1088382.18503199,828006.569602394,1011,"Chilcotin",2
"318","ITCHA6-14",1090822.92564535,828096.734293376,887,"Chilcotin",0
"319","ITCHA6-15",1093602.91225766,828183.589368952,1012,"Chilcotin",0
"320","ITCHA6-16",1096129.56413753,830754.313312523,1013,"Chilcotin",2
"321","ITCHA6-17",1085623.92667969,830499.587733645,284,"Chilcotin",0
"322","ITCHA6-17B",1085146.05462987,830680.69593891,730,"Chilcotin",0
"323","ITCHA6-18",1088265.75641931,830647.836636001,1013,"Chilcotin",0
"324","ITCHA6-19",1090911.46226817,830585.69310333,643,"Chilcotin",1
"325","ITCHA6-20",1093350.43321994,830699.443414726,1019,"Chilcotin",0
"326","ITCHA6-21",1096077.96695406,833329.891676248,1014,"Chilcotin",0
"327","ITCHA6-22",1085446.8378965,832827.550875396,1089,"Chilcotin",1
"328","ITCHA6-23",1088156.57443926,832898.897403091,1012,"Chilcotin",2
"329","ITCHA6-24",1090727.16796637,833158.759810065,283,"Chilcotin",0
"330","ITCHA6-24B",1090730.75366377,832969.209563026,699,"Chilcotin",0
"331","ITCHA6-25",1093368.94366382,833231.770034432,998,"Chilcotin",0
"332","ITCHA6-26",1096025.02868137,835972.41323573,645,"Chilcotin",1
"333","ITCHA6-27",1085331.05124482,835524.724422977,839,"Chilcotin",0
"334","ITCHA6-28",1087904.85662509,835537.768533928,834,"Chilcotin",0
"335","ITCHA6-29",1090755.23378239,835256.259693468,1047,"Chilcotin",0
"336","ITCHA6-30",1093250.65521047,835828.402205842,1011,"Chilcotin",0
"337","SCA5",1200693.2077588,672998.629155368,321,"Chilcotin",0
"338","SCB5",1201788.92208808,673645.018025837,320,"Chilcotin",0
"339","SCB6",1202658.55870448,671239.476421677,638,"Chilcotin",0
"340","SCC6",1205738.87148808,669705.543461954,638,"Chilcotin",0
"341","SCC9",1205529.62124905,661192.701180735,465,"Chilcotin",0
"342","SCD4",1207631.23859468,676461.31960461,622,"Chilcotin",0
"343","SCD5",1208726.62321667,675414.937288365,243,"Chilcotin",0
"344","SCD6",1209396.45025304,671173.925082446,637,"Chilcotin",0
"345","SCD7",1208768.66707051,669419.7373417,638,"Chilcotin",0
"346","SCD9",1208129.69854863,662894.76040107,607,"Chilcotin",0
"347","SCE4",1211333.80296376,675101.876949899,622,"Chilcotin",0
"348","SCE5",1211398.10246564,671949.976136311,360,"Chilcotin",0
"349","SCE6",1210556.2573605,670297.862516023,606,"Chilcotin",0
"350","SCE7",1211807.65931606,667285.826422346,366,"Chilcotin",0
"351","SCE8",1211594.22352884,664055.449616309,632,"Chilcotin",1
"352","SCF5",1213348.85356855,673895.14148031,639,"Chilcotin",0
"353","SCF5_2",1213348.85356855,673895.14148031,91,"Chilcotin",0
"354","SCF6",1212723.34708453,672129.285155106,639,"Chilcotin",0
"355","SCF7",1213551.96710414,669177.510904052,398,"Chilcotin",0
"356","SCF8",1213059.47465243,664296.448194227,366,"Chilcotin",1
"357","SCF9",1213347.29862311,662503.129550865,383,"Chilcotin",0
"358","SCG3",1216046.42490939,677969.509617422,617,"Chilcotin",0
"359","SCG4",1215940.39837568,675579.225008011,618,"Chilcotin",0
"360","SCG6",1215215.66820456,669661.859978124,637,"Chilcotin",1
"361","SCG7",1217081.02062856,667134.736802015,377,"Chilcotin",0
"362","SCG9",1215542.32687337,660513.573472851,612,"Chilcotin",0
"363","SCH10",1218535.19536557,659618.850320367,862,"Chilcotin",0
"364","SCH10_2",1218535.19536557,659618.850320367,82,"Chilcotin",0
"365","SCH11",1218461.43413101,656494.725223416,583,"Chilcotin",0
"366","SCH11_2",1218461.43413101,656494.725223416,106,"Chilcotin",0
"367","SCH3",1218912.58525945,681295.038323669,619,"Chilcotin",2
"368","SCH4",1217753.38750337,677397.690022843,617,"Chilcotin",3
"369","SCH5",1219202.04223109,674752.599958729,640,"Chilcotin",0
"370","SCH7",1218498.11433049,668445.415078903,368,"Chilcotin",3
"371","SCH8",1218698.57741823,665489.127173784,377,"Chilcotin",1
"372","SCH8_2",1218698.57741823,665489.127173784,73,"Chilcotin",0
"373","SCH9",1219036.98611265,662594.7431647,380,"Chilcotin",0
"374","SCI10",1221411.56604548,658207.967774204,742,"Chilcotin",7
"375","SCI11",1221125.74113579,655141.215647416,583,"Chilcotin",0
"376","SCI3",1221047.82006355,678959.528696388,379,"Chilcotin",0
"377","SCI4",1221153.14805242,676600.74098777,619,"Chilcotin",0
"378","SCI5",1220314.65742322,673386.148632355,647,"Chilcotin",0
"379","SCI6",1221182.91976577,669645.707619221,640,"Chilcotin",0
"380","SCI7",1221130.36891452,666098.489009271,366,"Chilcotin",0
"381","SCI8",1221195.03779891,663069.378395568,610,"Chilcotin",1
"382","SCI9",1221004.0003083,661043.317577711,524,"Chilcotin",1
"383","SCJ10",1223761.48159704,659149.184147461,389,"Chilcotin",0
"384","SCJ10a",1222997.99730152,660485.906600295,278,"Chilcotin",3
"385","SCJ10a_2",1222997.99730152,660485.906600295,100,"Chilcotin",1
"386","SCJ4",1223290.30624131,677399.000636104,619,"Chilcotin",4
"387","SCJ5",1223358.78036983,674325.09167795,647,"Chilcotin",0
"388","SCJ7",1223223.62797326,669536.476810829,640,"Chilcotin",0
"389","SCJ8",1223455.96923482,665935.112539714,643,"Chilcotin",0
"390","SCJ9",1223753.55722724,662448.289298485,600,"Chilcotin",0
"391","SCK10",1225968.73585017,658569.092980868,582,"Chilcotin",1
"392","SCK10_2",1225968.73585017,658569.092980868,119,"Chilcotin",0
"393","SCK3",1226374.39490732,678932.669413704,376,"Chilcotin",0
"394","SCK4",1226371.82251646,675922.318764588,225,"Chilcotin",0
"395","SCK5",1226856.11042676,673001.2127448,319,"Chilcotin",0
"396","SCK6",1227080.97044814,669622.402959446,368,"Chilcotin",0
"397","SCK7",1226572.33931449,666923.626958648,374,"Chilcotin",1
"398","SCK8",1225866.27804731,663915.037444828,569,"Chilcotin",0
"399","SCK9",1226607.65120084,661529.845441829,385,"Chilcotin",0
"400","SCL10",1228596.98494665,659558.744098425,670,"Chilcotin",0
"401","SCL3",1228099.3692847,684073.792870926,366,"Chilcotin",0
"402","SCL6",1228407.83627639,671299.852398372,612,"Chilcotin",0
"403","SCL6_2",1228407.83627639,671299.852398372,314,"Chilcotin",1
"404","SCL7",1228890.44333867,668445.8244389,676,"Chilcotin",0
"405","SCL8",1228628.29665242,664989.005345634,575,"Chilcotin",0
"406","SCL8_2",1228628.29665242,664989.005345634,88,"Chilcotin",0
"407","SCL9",1228991.38020051,663210.956317635,405,"Chilcotin",0
"408","SCM9",1231276.30092628,660942.379658479,385,"Chilcotin",0
"409","SCM9_2",1231276.30092628,660942.379658479,92,"Chilcotin",0
"410","JD-01",1192039.65276454,1003001.00361259,41,"Omineca",1
"411","JD-02",1192381.55414579,1002445.52012968,41,"Omineca",1
"412","JD-03",1179925.85984149,996425.780808595,41,"Omineca",1
"413","JD-04",1180012.4930863,995579.189510453,41,"Omineca",0
"414","JD-05",1180347.30503553,994724.381628571,41,"Omineca",2
"415","JD-06",1180591.34085518,994586.454296739,41,"Omineca",0
"416","JD-07",1182814.27894787,993868.310554533,41,"Omineca",0
"417","JD-08",1182469.18853118,993921.728031371,41,"Omineca",0
"418","WS-01",1232966.82258081,972273.806393961,45,"Omineca",0
"419","WS-02",1233220.56396082,971315.52554198,45,"Omineca",1
"420","WS-03",1232489.88737427,966734.803962474,45,"Omineca",3
"421","WS-04",1232860.83001967,966076.215974557,45,"Omineca",2
"422","WS-05",1230414.87837669,963376.015345913,45,"Omineca",1
"423","WS-06",1231879.09711512,962536.837999276,45,"Omineca",0
"424","WS-07",1233949.90111467,962306.113729971,45,"Omineca",0
"425","WS-08",1234397.10791939,962310.676084228,45,"Omineca",1
"426","PGS-08",1160054.26959344,996669.364415496,357,"Omineca",1
"427","PGS-10",1105350.87744726,970997.192339164,351,"Omineca",0
"428","PGS-13",1104974.53163037,973731.347627221,354,"Omineca",0
"429","PGS-21",1094532.32176302,934395.086799399,353,"Omineca",1
"430","PGS-22",1185465.03721211,988964.187481131,357,"Omineca",3
"431","PGS-23",1114374.27689293,974767.705012552,355,"Omineca",3
"432","PGS-24",1157276.92027554,972873.218865457,351,"Omineca",1
"433","PGS-27",1114733.03295186,983443.803892823,352,"Omineca",0
"434","PGS-36",1095020.40247397,953602.768920876,351,"Omineca",0
"435","PGS-37",1169282.61763277,986996.605080829,357,"Omineca",0
"436","PGS-49",1189389.16710399,988049.296636284,357,"Omineca",0
"437","PGS-50",1144296.38694073,978599.34073194,351,"Omineca",0
